{
	"block.siren":
	{
		"category": "weather",
		"subtitle": "subtitle.weather2.block.siren",
		"sounds":
		[
			{"name": "weather2:streaming/siren", "stream": true}
		]
	},
	"block.siren.darude":
	{
		"category": "weather",
		"subtitle": "subtitle.weather2.block.siren.darude",
		"sounds":
		[
			{"name": "weather2:streaming/siren_sandstorm_1", "stream": true},
			{"name": "weather2:streaming/siren_sandstorm_2", "stream": true},
			{"name": "weather2:streaming/siren_sandstorm_3", "stream": true},
			{"name": "weather2:streaming/siren_sandstorm_4", "stream": true},
			{"name": "weather2:streaming/siren_sandstorm_5_extra", "stream": true},
			{"name": "weather2:streaming/siren_sandstorm_6_extra", "stream": true}
		]
	},
	"block.siren.advanced":
	{
		"category": "weather",
		"subtitle": "subtitle.weather2.block.siren.advanced",
		"sounds":
		[
			{"name": "weather2:streaming/advanced_siren", "stream": true}
		]
	},
	"ambient.leaves":
	{
		"category": "weather",
		"subtitle": "subtitle.weather2.ambient.leaves",
		"sounds":
		[
			"weather2:env/wind_calm", "weather2:env/wind_calmfade"
		]
	},
	"ambient.waterfall":
	{
		"category": "weather",
		"subtitle": "subtitle.weather2.ambient.waterfall",
		"sounds":
		[
			"weather2:env/waterfall"
		]
	},
	"ambient.wind.fast":
	{
		"category": "weather",
		"subtitle": "subtitle.weather2.ambient.wind.fast",
		"sounds":
		[
			{"name": "weather2:streaming/wind_close", "stream": true},
			{"name": "weather2:streaming/wind_close_0_", "stream": true},
			{"name": "weather2:streaming/wind_close_1_", "stream": true},
			{"name": "weather2:streaming/wind_close_2_", "stream": true}
		]
	},
	"ambient.wind":
	{
		"category": "weather",
		"subtitle": "subtitle.weather2.ambient.wind",
		"sounds":
		[
			{"name": "weather2:streaming/wind_far", "stream": true},
			{"name": "weather2:streaming/wind_far_0_", "stream": true},
			{"name": "weather2:streaming/wind_far_1_", "stream": true},
			{"name": "weather2:streaming/wind_far_2_", "stream": true}
		]
	},
	"ambient.rain.light":
	{
		"category": "weather",
		"subtitle": "subtitle.weather2.ambient.rain.light",
		"sounds":
		[
			{"name": "weather2:env/light_rain"},
			{"name": "weather2:env/light_rain_1"},
			{"name": "weather2:env/light_rain_2"},
			{"name": "weather2:env/light_rain_3"},
			{"name": "weather2:env/light_rain_4"}
		]
	},
	"ambient.rain.heavy":
	{
		"category": "weather",
		"subtitle": "subtitle.weather2.ambient.rain.heavy",
		"sounds":
		[
			{"name": "weather2:env/heavy_rain"},
			{"name": "weather2:env/heavy_rain_1"},
			{"name": "weather2:env/heavy_rain_2"},
			{"name": "weather2:env/heavy_rain_3"},
			{"name": "weather2:env/heavy_rain_4"}
		]
	},
	"weather.debris":
	{
		"category": "weather",
		"subtitle": "subtitle.weather2.weather.debris",
		"sounds":
		[
			{"name": "weather2:streaming/destruction", "stream": true},
			{"name": "weather2:streaming/destruction_0_", "stream": true},
			{"name": "weather2:streaming/destruction_1_", "stream": true},
			{"name": "weather2:streaming/destruction_2_", "stream": true},
			{"name": "weather2:streaming/destruction_s", "stream": true}
		]
	},
	"weather.sandstorm.fast":
	{
		"category": "weather",
		"subtitle": "subtitle.weather2.weather.sandstorm.fast",
		"sounds":
		[
			{"name": "weather2:streaming/sandstorm_high1", "stream": true}
		]
	},
	"weather.sandstorm":
	{
		"category": "weather",
		"subtitle": "subtitle.weather2.weather.sandstorm",
		"sounds":
		[
			{"name": "weather2:streaming/sandstorm_med1", "stream": true},
			{"name": "weather2:streaming/sandstorm_med2", "stream": true}
		]
	},
	"weather.sandstorm.slow":
	{
		"category": "weather",
		"subtitle": "subtitle.weather2.weather.sandstorm.slow",
		"sounds":
		[
			{"name": "weather2:streaming/sandstorm_low1", "stream": true},
			{"name": "weather2:streaming/sandstorm_low2", "stream": true}
		]
	}
}